CompanyName,Location,ServiceOfferings,ListingDate
The Master's Cut,"G.Y.Odoi St, Osu , Accra",Hair Stylists & Other Beauty Treatment Services,"March 3, 2024"
Home Educators Ghana | Home Tuition Service Providers,"Accra, Greater Accra, Ghana",Educational Support Services Providers,"March 5, 2024"
University Assignment Writing,United Arab Emirates,Educational Support Services Providers,"February 29, 2024"
Low Cost Laser Spine Surgery in Mumbai India,"Accra, Greater Accra, Ghana",Hospitals,"February 29, 2024"
The best tour operators in Ghana | Visit the best tourist sites in Ghana,"Accra, Greater Accra, Ghana",Museums & Historical Sites & Buildings Operators,"February 29, 2024"
Floychar I.T Training School,"Accra, Greater Accra, Ghana",Higher Education,"February 27, 2024"
MindCypress,"Accra, Greater Accra, Ghana",Educational Support Services Providers,"February 16, 2024"
ABF,"Agra, Uttar Pradesh, India",Footwear Manufacturers,"February 16, 2024"
Ireland CV Writing Services,"Ireland West Airport Knock, Kilgarriff, Sonnagh, Mayo F12, Ireland","Other Professional, Scientific, & Technical Service Providers","February 16, 2024"
Kuality Cleaning Services,"Burnaby, British Columbia, Canada",Household Appliances & Home & Garden Equipment Repairers,"February 10, 2024"
CV Writing Services by CVWritings UK,"London, Greater London, England, United Kingdom","Other Professional, Scientific, & Technical Service Providers","February 10, 2024"
Lasik Surgery in Jalandhar,"Patel Nagar, Jalandhar, Jalandhar, Punjab, India",Hospitals,"February 3, 2024"
Aljaas Building & Construction Materials Trading LLC,"Dubai, Dubai, United Arab Emirates",Building Construction,"February 3, 2024"
Logo Design Services in the UK,United Kingdom,Business & Employers Membership Organizations,"February 3, 2024"
Ghost Writing IE,"Dublin, North Carolina 28332, United States",Communication Equipment Repairers,"February 3, 2024"
Adex Delivery Ghana Main Office,"Accra, Greater Accra, Ghana",Courier Services,"February 3, 2024"
Write My Essay,"Invercargill, Southland, New Zealand",Educational Support Services Providers,"February 3, 2024"
CIPD Assignment Writers UK,"6 Bolsover Street, Westminster, London, W1W 5NG, United Kingdom",Higher Education,"February 3, 2024"
SYDNEY RESUMES,"Museum Station, Sydney, New South Wales 2000, Australia",Other Personal Services Providers,"February 3, 2024"
Carpet Cleaning Agency – A Fresh Bio Cleaning,"5462 Brandon Court, Stone Mountain, Georgia 30088, United States",Household Subsistence Goods Producers,"February 3, 2024"
Jackets Play,"New York City, New York, United States",ECommerce Businesses,"February 3, 2024"
Assignment Help Dubai,United Arab Emirates,Higher Education,"February 3, 2024"
Dissertation Literature Servicrs Online Help:,"Challenge Road, Ashford, TW15 1AX, United Kingdom",Higher Education,"February 3, 2024"
Professional CV Writing Service,United Kingdom,Other Personal Services Providers,"February 3, 2024"
CV MAKER DUBAI,"Umm Suqeim 3 Park, Umm Suqeim 3 Jumeirah, Dubai, Dubai, United Arab Emirates",Other Personal Services Providers,"February 3, 2024"
Regaal Plus - Buy Foam Mattress online in India,"Bughipura, Moga, Moga, Punjab, India",Other Manufacturers,"February 3, 2024"
Neuro Life Brain & Spine Centre | Neurologist in Punjab,"D-Block, Sarabha Nagar, Ludhiana, Ludhiana, Punjab, India",Other Human Health Service Providers,"February 3, 2024"
buyzbest,United Kingdom,"Clothing, Footwear & Leather Articles Retailers","February 3, 2024"
George Moorhead - Bentley Properties,"14205 Southeast 36th Street, Bellevue, Washington 98006, United States",Real Estate Agents & Brokers,"February 3, 2024"
Say Home Canada,"L7A 3W3, Brampton, Ontario, Canada",Other Personal Services Providers,"February 3, 2024"
"sunflower oil ""Вкусрус"" Blagodarin LLC","350000, Krasnodar, Krasnodar Krai, Russia",Other Food Products Manufacturers,"February 3, 2024"
Morpher Helmet,"30 City Road, Islington, London, EC1Y 2AY, United Kingdom",Bicycles & Invalid Carriages Manufacturers,"February 3, 2024"
Best Assignments: Empowering Students with Exceptional Assignment Writing Solutions,"London, Greater London, England, United Kingdom",Educational Support Services Providers,"February 3, 2024"
Assignment Writing Service Ireland,Ireland,Other Education Service Providers,"February 3, 2024"
Essay Roo Australia,"42 Evans Street, Balmain New South Wales 2041, Australia",Educational Support Services Providers,"February 3, 2024"
Security Services in Bangalore - Keerthisecurity.in,"Bangalore, Karnataka, India",Domestic Activities Personnel,"February 3, 2024"
RG Stone And Super Speciality Hospital -Erectile Dysfunction Treatment in Ludhiana,"510-L, Model Town Rd, Pritm Nagar, Model Town, Ludhiana, Punjab 141002",Hospitals,"February 3, 2024"
Graphic Designing and Printing Services,"Spintex, Accra, Greater Accra, Ghana",Combined Facilities Support Agencies,"February 3, 2024"
Globiz Technology Inc,"Ludhiana, Punjab, India",Other IT & Computer Service Providers,"February 3, 2024"
Dissertation Help Dubai,"Dubai, Dubai, United Arab Emirates",Higher Education,"February 3, 2024"
Asmara Nomani HR Consultancy Dubai,"Dubai, Dubai, United Arab Emirates",Business & Employers Membership Organizations,"February 3, 2024"
Techengy co-op,"Accra, Greater Accra, Ghana",Electrical Installation Services,"February 3, 2024"
Gilvado Accra,"405 N Liberation Link, Accra","Bars, Pubs, & Beverages Servers","February 3, 2024"
Metal Fabrication,"Accra, Greater Accra, Ghana",Other Specialized Construction Services,"February 3, 2024"
The Fox Leather,"153rd Street, Calumet City, Illinois 60409, United States",Specialized Designers,"February 3, 2024"
NVQ Assignments Uk,"40 Stanley Road, Manchester, M16 8HS, United Kingdom",Higher Education,"February 3, 2024"
Effortless Relocation Excellence: Packers Movers NCR,"Sector 63, Noida, Gautam Buddh Nagar, Uttar Pradesh, India",Warehousing & Storage Businesses,"February 3, 2024"
Eyedan Eye Care Centre,Tema Community 19 (Klagon),Other Human Health Service Providers,"February 3, 2024"
helpbudy,"Accra, Greater Accra, Ghana",Household Subsistence Services Producers,"February 3, 2024"
Commercial Cleaning service provider,"CITY XTRA LIMITED, Adjacent Farmers Market, Boundary Road, Shiashie, Accra","Other Professional, Scientific, & Technical Service Providers","February 3, 2024"
okoriwaa.com,"Accra, Greater Accra, Ghana",Advertising Agencies,"December 28, 2023"
RealEstateInGhana,"Accra, Greater Accra, Ghana",Real Estate Agents & Brokers,"December 14, 2023"
Ubigid Marketing Agency,"Takoradi, Western, Ghana",Advertising Agencies,"November 22, 2023"
Best in Building Materials,"Agona Swedru, Central, Ghana",Other General Stores or Retailers,"November 18, 2023"
Kantanka Farms,"Accra, Greater Accra, Ghana",Mixed Farming,"November 18, 2023"
44 Wood Ltd.,"Accra, Greater Accra, Ghana",Carpenters & Furniture Manufacturers,"November 14, 2023"
HUANYU CENTURY CONS.& TRADE GH.LTD,"Accra, Greater Accra, Ghana",Building Construction,"November 14, 2023"
URBS Digital,"Accra, Greater Accra, Ghana","Creative, Arts, & Entertainment Service Providers","November 14, 2023"
Architectural design & Building Construction,"Accra, Greater Accra, Ghana",Building Construction,"November 14, 2023"
Masynctech Coding School,"Kumasi, Ashanti, Ghana",Other Education Service Providers,"October 31, 2023"
Mawuli Photography,"Spintex, Accra, Greater Accra, Ghana",Photographic Service Providers,"October 31, 2023"
Chespa WA Ghana,"Accra, Greater Accra, Ghana",Printing-Related Services Providers,"October 31, 2023"
Greenrich Agro,"Accra, Greater Accra, Ghana",Other Food Products Manufacturers,"October 31, 2023"
FlexoHub Limited,"Accra, Greater Accra, Ghana","Paints, Varnishes, Coatings, Printing Ink, & Mastics Manufacturers","October 31, 2023"
Lutheran Schools Ghana,"Kanda, Accra, Greater Accra, Ghana",Pre-primary & Primary Education,"October 25, 2023"
Kumasi Technical University,"Amakom, Kumasi, Ashanti, Ghana",Higher Education,"October 25, 2023"
Angel Educational Complex,"Kronum, Kumasi, Ashanti, Ghana","General Secondary Education
Pre-primary & Primary Education","October 25, 2023"
Little Haven School,"Kentinkrono, Kumasi, Ashanti, Ghana",Pre-primary & Primary Education,"October 25, 2023"
Nagies Angels Educational Centre,"Santasi, Kumasi, Ashanti, Ghana",Pre-primary & Primary Education,"October 25, 2023"
Kwame Nkrumah University of Science & Technology (KNUST),"Kumasi, Ashanti, Ghana",Higher Education,"October 25, 2023"
Youth Institute of Science & Technology,"Akuse, Eastern, Ghana",Pre-primary & Primary Education,"October 25, 2023"
Christ Apostolic University College,"Kumasi, Ashanti, Ghana",Higher Education,"October 25, 2023"
PEACE INSTITUTE GHANA,"19 ASHGREY STREET, GBAWE ACCRA GHANA NEXT TO THE PENTECOST GUEST HOUSE",International Organizations,"October 24, 2023"
Ghana Rubber Products,"14 Adjuma Crescent, South Industrial Area, Accra, Ghana",Corrugated Paper and Paper & Paperboard Containers Manufacturers,"October 18, 2023"
B5 PLUS LIMITED,"Kpone, Greater Accra, Ghana",Structural Metal Products Manufacturers,"October 17, 2023"
Fonstat,"Accra, Greater Accra, Ghana","Books, Newspapers, & Stationary Retailers","October 17, 2023"
De Simone Ltd,"Tema, Greater Accra, Ghana",Building Construction,"October 17, 2023"
Krane Construction Limited,"Accra, Greater Accra, Ghana",Building Construction,"October 17, 2023"
Accra Metropolitan Assembly (AMA),"Accra, Greater Accra, Ghana",General Public Administration Service Providers,"October 17, 2023"
Gudberi,"Accra New Town, Accra, Greater Accra, Ghana","Photocopying, Document Preparation, & Other Specialized Office Support Service Providers","October 17, 2023"
AgroCulture,"Dansoman, Accra, Greater Accra, Ghana",Agricultural Raw Materials & Live Animals Wholesalers,"October 17, 2023"
David Walter Limited,"Adabraka, Accra, Greater Accra, Ghana",Building Construction,"October 17, 2023"
RoyalMail Ghana Delivery,"Airport Residential Area, Accra, Greater Accra, Ghana",Courier Services,"October 16, 2023"
Adex Delivery Service,"Airport Residential Area, Accra, Greater Accra, Ghana",Courier Services,"October 16, 2023"
Express Post Ghana,"Airport Residential Area, Accra, Greater Accra, Ghana",Courier Services,"October 16, 2023"
NAYA Naturals Limited (NAYA),"East Legon, Accra, Greater Accra, Ghana",Hair Stylists & Other Beauty Treatment Services,"October 12, 2023"
L.A. Girl Cosmetics,"Haatso Atomic Road, Accra",Hair Stylists & Other Beauty Treatment Services,"October 12, 2023"
Paba Cosmetics,"Labone, Accra, Greater Accra, Ghana",Hair Stylists & Other Beauty Treatment Services,"October 12, 2023"
Liona Nails,"Labone, Accra, Greater Accra, Ghana",Hair Stylists & Other Beauty Treatment Services,"October 12, 2023"
DIZA’S WORLD BEAUTY COLLEGE,"Adentan, Accra, Greater Accra, Ghana",Technical & Vocational Secondary Education,"October 12, 2023"
Dan Nkansah Enterprise,"Kumasi, Ashanti, Ghana",Hair Stylists & Other Beauty Treatment Services,"October 12, 2023"
Retzone Innovation (GH) Limited,"Accra, Greater Accra, Ghana",ECommerce Businesses,"October 12, 2023"
SCS Delivery Service,"Dansoman, Accra, Greater Accra, Ghana",Courier Services,"October 11, 2023"
City Paints Supply Ltd.,"Spintex, Accra, Greater Accra, Ghana","Paints, Varnishes, Coatings, Printing Ink, & Mastics Manufacturers","October 11, 2023"
MMG Printing Press,"S.C Nortey Street, Accra New Town, Accra",Printing Businesses,"October 11, 2023"
COASTLINE BUSINESS SOLUTION,"Nima, Accra, Greater Accra, Ghana",Other Manufacturers,"October 11, 2023"
Akosombo Industrial Company Limited,"Adjaben Rd, 40 Kwame. Nkrumah Ave.Opp. Swanzy Shopping Arcade, Accra",Textile Fibre Spinners,"October 11, 2023"
AgroCulture Promotion & Branding,"Dansoman, Accra, Greater Accra, Ghana",Post-Harvet Crop Support Services,"October 11, 2023"
AJTLCL Construction & Logistics,"Adabraka, Accra, Greater Accra, Ghana",Building Completion & Finishing Services,"October 11, 2023"
Nofire Paints,"Adabraka, Accra, Greater Accra, Ghana","Retailers of Carpets, Rugs, Wall & Floor Coverings","October 11, 2023"
Industrial Coatings Africa,"Adabraka, Accra, Greater Accra, Ghana","Retailers of Carpets, Rugs, Wall & Floor Coverings","October 11, 2023"
